geocode,Total emp
210670001011002,16
210670001011003,2
210670001011004,7
210670001011005,3
210670001011007,8
210670001011008,55
210670001011009,66
210670001011010,11
210670001011011,118
210670001011012,132
210670001011013,297
210670001011014,891
210670001011015,858
210670001011016,195
210670001011017,122
210670001011018,444
210670001011019,57
210670001011020,214
210670001011021,1126
210670001011022,182
210670001011023,61
210670001011024,162
210670001011025,292
210670001011026,183
210670001011027,41
210670001011028,44
210670001011030,411
210670001011032,174
210670001011033,8
210670001011034,27
210670001011036,63
210670001011038,10
210670001011039,3
210670001011042,47
210670001011043,170
210670001011044,126
210670001011045,29
210670001011047,6
210670001011051,5
210670001011055,3
210670001011061,13
210670001011067,21
210670001011070,58
210670001011071,180
210670001011072,163
210670001011073,73
210670001011075,53
210670001011076,5
210670001012000,74
210670001012001,381
210670001012002,75
210670001012003,149
210670001012004,217
210670001012007,434
210670001012008,180
210670001012009,346
210670001012010,1
210670001012012,46
210670001012013,14
210670001012014,28
210670001012015,35
210670001012016,152
210670001012018,333
210670001012019,69
210670001012021,131
210670001012022,282
210670001012023,2
210670001012024,9
210670001012025,13
210670001012028,13
210670001012029,91
210670001021000,43
210670001021001,67
210670001021003,3
210670001021004,56
210670001021005,7
210670001021006,66
210670001021007,9
210670001021008,37
210670001021009,26
210670001022001,125
210670001022002,24
210670001022003,31
210670001022004,5
210670001022005,130
210670001022006,27
210670001022008,176
210670001022009,701
210670001022011,30
210670001022012,9
210670001022013,10
210670001022014,87
210670001022016,9
210670001022017,62
210670001022018,414
210670001022019,17
210670001022020,2
210670002001000,30
210670002001002,9
210670002001004,19
210670002001005,90
210670002001006,14
210670002001007,4
210670002001008,14
210670002001009,49
210670002001011,17
210670002001012,5
210670002001013,5
210670002002000,7
210670002002001,35
210670002002005,21
210670002002006,10
210670002002010,6
210670002002011,55
210670002002013,30
210670002002014,10
210670002002017,12
210670002002018,1
210670002002019,1
210670002002020,16
210670002003000,15
210670002003004,642
210670002004000,2
210670002004002,3
210670002004005,90
210670002004006,1
210670002004007,2
210670002004009,12
210670002004010,40
210670002004015,18
210670002004016,10
210670003001001,6
210670003001002,4
210670003001003,2
210670003001005,19
210670003001008,16
210670003001012,1
210670003001014,11
210670003002007,19
210670003002010,3
210670003002012,2
210670003003001,2
210670003003002,2
210670003003003,17
210670003003005,2
210670003003008,4
210670003003009,1
210670003003010,10
210670003003011,20
210670003003012,1
210670003004000,5
210670003004001,25
210670003004002,4
210670003004004,2
210670004001004,14
210670004001005,38
210670004001006,2
210670004001007,14
210670004001010,11
210670004001013,2
210670004001016,17
210670004001018,79
210670004001019,193
210670004001020,17
210670004002000,53
210670004002002,5
210670004002003,1
210670004002013,1
210670004002015,2
210670004002022,1
210670004002023,33
210670004002024,71
210670004002025,4
210670004002026,5
210670004002027,339
210670005001000,366
210670005001001,1
210670005001002,20
210670005001004,59
210670005001006,16
210670005001007,69
210670005001008,1
210670005001009,93
210670005001012,12
210670005001013,13
210670005001014,7955
210670005002001,173
210670005002004,2
210670005002005,4
210670005002006,5
210670005002007,2
210670005002008,5
210670005003000,12
210670005003001,94
210670005003003,30
210670005003004,23
210670005003005,32
210670005003006,15
210670005003008,13
210670005004002,3
210670005004003,2
210670005004004,1
210670005004005,3
210670005004006,14
210670005004007,1
210670006001001,2
210670006001005,1
210670006001009,2
210670006001011,7
210670006001013,11
210670006001014,2
210670006001015,8
210670006001017,154
210670006001018,50
210670006001020,11
210670006001022,5
210670006002002,9
210670006002007,3
210670006002010,46
210670006002011,1
210670006002014,78
210670006002015,3
210670006002017,1
210670006002018,9
210670006002021,1
210670006002024,3
210670006002030,10
210670006003000,24
210670006003001,25
210670006003002,110
210670006003005,49
210670006003006,17
210670006003007,116
210670006003008,101
210670006003009,74
210670006003010,119
210670006003011,4
210670006003012,5
210670006003014,48
210670006003016,3
210670006003022,5
210670006003027,26
210670006003031,7
210670007001000,18
210670007001003,56
210670007001004,11
210670007001005,6
210670007001006,16
210670007001007,1
210670007001008,133
210670007001009,4
210670007001010,338
210670007001011,69
210670007001012,7
210670007001013,17
210670007001014,5
210670007001015,12
210670007001019,22
210670007002000,225
210670007002001,255
210670007002002,117
210670007002003,17
210670007002004,3
210670007002015,2
210670007002016,3
210670008011000,19
210670008011004,7
210670008011006,13258
210670008011014,760
210670008011015,17
210670008021000,7
210670008021001,103
210670008021002,52
210670008021004,1
210670008021006,1
210670008021007,97
210670008021008,4
210670008021009,220
210670008021011,2
210670008022000,4
210670008022002,75
210670008022003,49
210670008022004,18
210670008022005,36
210670008022012,152
210670009001000,92
210670009001010,16
210670009001011,12
210670009001015,9
210670009001016,14
210670009001017,5
210670009001019,11
210670009001020,36
210670009001021,42
210670009001022,1
210670009001023,31
210670009001024,112
210670009001025,36
210670009001027,9
210670009001029,13
210670009001031,42
210670009001035,58
210670009002001,239
210670009002002,165
210670009002003,54
210670009002004,166
210670009002006,357
210670009002007,83
210670009002008,19
210670009002009,11
210670009002010,16
210670009003000,92
210670009003001,131
210670009003002,217
210670009003003,4
210670009003004,34
210670009003006,31
210670009003008,48
210670009003009,14
210670009003011,13
210670009003013,7
210670009003014,29
210670010001002,258
210670010001005,7
210670010001006,72
210670010001007,261
210670010001011,7
210670010001022,84
210670010001023,371
210670010001028,429
210670010001031,497
210670010001033,243
210670010001034,15
210670010001035,6
210670010001036,33
210670010001039,1
210670010001041,12
210670010002003,4
210670010002004,734
210670010002006,107
210670010002007,52
210670010002008,39
210670010002009,35
210670010002010,33
210670010002011,236
210670010002012,131
210670010002016,21
210670011001002,5
210670011001003,428
210670011001014,7
210670011001022,2
210670011001028,3
210670011001030,36
210670011001033,23
210670011002001,25
210670011002003,3
210670011002005,4
210670011002006,34
210670011002007,10
210670011002008,3
210670011002010,27
210670011002015,8
210670011002021,6
210670011002024,9
210670011002026,412
210670011003000,1
210670011003001,49
210670011003008,36
210670011003009,22
210670011004002,108
210670011004006,80
210670013001003,2318
210670013001004,642
210670013001005,1024
210670013001008,149
210670013001010,65
210670013001014,234
210670013001015,63
210670013001016,8
210670013001018,91
210670013002000,2
210670013002002,13
210670013002003,2
210670013002004,11
210670013002005,8
210670013002006,97
210670013002007,1
210670013002008,11
210670013002012,235
210670013002013,7
210670014001001,202
210670014001003,1
210670014001006,3
210670014001013,4
210670014001018,74
210670014001022,4
210670014001028,16
210670014002001,91
210670014002002,4
210670014002003,7
210670014002006,48
210670014002007,44
210670014002009,2
210670014002010,2
210670014002014,2
210670015001001,69
210670015001003,1
210670015001006,9
210670015002001,432
210670015002002,4
210670015002005,2
210670015002006,1
210670015002008,339
210670015002009,264
210670015002012,248
210670015002013,203
210670015002014,72
210670015002017,405
210670015002020,41
210670015002022,591
210670015002024,57
210670015002025,302
210670015002026,18
210670015002027,53
210670016001002,266
210670016001003,34
210670016001006,239
210670016001009,36
210670016001012,43
210670016001013,1
210670016001017,2
210670016001019,96
210670016002000,14
210670016002001,3
210670016002003,233
210670016002004,70
210670016002005,31
210670016002006,194
210670016002007,4
210670016002008,38
210670016002009,2
210670016002010,8
210670016002011,35
210670016002012,420
210670016002013,232
210670017001000,29
210670017001001,8
210670017001002,14
210670017001004,58
210670017001006,1
210670017001007,3
210670017001008,1
210670017002000,80
210670017002001,127
210670017002003,4
210670017002004,4
210670017002005,8
210670017002006,277
210670017003000,690
210670017003003,2
210670017003004,8
210670017003005,2
210670018001000,426
210670018001001,21
210670018001002,258
210670018001006,203
210670018001007,310
210670018001008,2
210670018001010,106
210670018001011,355
210670018002000,5
210670018002001,2
210670018002004,20
210670018002005,16
210670018002009,1
210670018002011,118
210670019001000,548
210670019001004,3
210670019002000,424
210670019002004,2
210670019002006,10
210670019002008,678
210670019002011,16
210670019002014,28
210670019002015,540
210670020011000,193
210670020011002,8
210670020011003,1
210670020011006,12
210670020012002,2
210670020012003,2
210670020012004,3
210670020012010,1
210670020012011,52
210670020012015,22
210670020013000,253
210670020013006,2
210670020013008,1
210670020013010,22
210670020013011,16
210670020013012,3
210670020013014,17
210670020013015,1
210670020013016,1
210670020021002,1
210670020021007,1
210670020021008,4
210670020021010,3
210670020021011,5
210670020022010,5
210670020022012,2
210670020022013,140
210670020022014,57
210670020022015,1
210670020022016,12
210670022001001,14
210670022001004,2
210670022001005,2
210670022001006,2
210670022001008,1
210670022002002,45
210670022002003,13
210670022002006,14
210670022002009,9
210670022002010,8
210670022002011,110
210670023021000,1
210670023021002,4
210670023021004,28
210670023021007,2
210670023021010,2
210670023021011,12
210670023021012,4
210670023022000,13
210670023022002,413
210670023022003,1
210670023022005,2
210670023022006,2
210670023022008,2
210670023023000,17
210670023023003,4
210670023023004,39
210670023023005,373
210670023023007,8
210670023023008,33
210670023023013,6
210670023023016,36
210670023023017,85
210670023031001,2
210670023031002,2
210670023031003,2
210670023031005,1
210670023031007,1
210670023031009,14
210670023032001,134
210670023032008,66
210670023033000,15
210670023033001,8
210670023033003,6
210670023033004,9
210670023033005,20
210670023033007,1
210670023033012,6
210670023033013,24
210670023033018,2
210670023033019,5
210670023034000,1
210670023034003,12
210670023034004,4
210670023034006,6
210670023034008,27
210670023034009,18
210670023041000,2
210670023041001,4
210670023041002,2
210670023041004,5
210670023041007,57
210670023041009,2
210670023041011,2
210670023041012,4
210670023041014,3
210670023041015,17
210670023041018,5
210670023041019,2
210670023042000,8
210670023042002,2
210670023042003,20
210670023042004,4
210670023042005,12
210670024001000,254
210670024001001,11228
210670024001002,644
210670024001003,4
210670024001010,2
210670024001011,7
210670024001012,4005
210670024001014,2
210670024001018,1
210670024001024,1
210670024001026,12
210670024001027,5
210670024001029,32
210670024001030,3
210670024001031,1
210670024002000,1
210670024002001,1
210670024002009,2
210670024002013,4
210670024002015,4
210670024003000,60
210670024003002,52
210670024003006,1
210670024003007,5
210670024003009,3
210670024003010,3
210670024004000,1
210670024004003,14
210670024004008,4
210670024004009,13
210670024004013,56
210670024004014,3
210670024004015,1
210670024004018,3
210670025001000,5
210670025001001,4
210670025001002,1
210670025001003,32
210670025001005,4
210670025001006,9
210670025001007,76
210670025001009,5
210670025001012,4
210670025001015,10
210670025001016,3
210670025001018,9
210670025002000,2190
210670025002002,176
210670025002004,42
210670025003002,1
210670025003003,35
210670025003008,55
210670025003009,1
210670025003010,3
210670025003011,8
210670026001000,2
210670026001006,25
210670026001007,1
210670026001008,20
210670026001009,461
210670026001011,89
210670026001013,873
210670026001014,52
210670026002001,97
210670026002002,3
210670026002003,15
210670026002006,75
210670026002007,4
210670026002009,41
210670026002010,6
210670026002011,1
210670026002018,66
210670026003000,1
210670026003001,4
210670026003003,6
210670026003005,49
210670026003013,18
210670026003014,22
210670026003015,1
210670026004006,3
210670026004007,4
210670026004008,4
210670026004009,28
210670026004011,2
210670026005002,140
210670026005005,30
210670027001003,5
210670027001004,504
210670027001010,2
210670027001011,1
210670027001019,1
210670027001020,1
210670027001023,3
210670027001027,172
210670027001033,3
210670027002000,9
210670027002001,11
210670027002002,15
210670027002005,6
210670027002006,1
210670027002008,2
210670027002009,209
210670027002010,1
210670027002011,327
210670027002014,14
210670027002015,182
210670027002020,86
210670027003001,2
210670027003002,6
210670027003003,189
210670027003007,577
210670027003011,2
210670027003012,12
210670027003015,1
210670027003016,2
210670027003017,2
210670028001000,81
210670028001001,206
210670028001004,5
210670028001005,10
210670028001008,17
210670028001009,5
210670028001011,21
210670028001015,6
210670028001017,6
210670028001018,8
210670028001019,84
210670028001021,394
210670028001023,39
210670028001029,1
210670028001031,1
210670028002000,1
210670028002001,402
210670028002003,2
210670028002004,4
210670028002005,3
210670028002006,19
210670028002007,92
210670028002008,729
210670028002009,207
210670028002012,757
210670028002013,13
210670028002014,697
210670028002015,4
210670028002016,27
210670028002017,515
210670028002018,413
210670028002019,260
210670028002020,49
210670028002021,597
210670028002024,10
210670029001000,85
210670029001001,1
210670029001002,5
210670029001003,1
210670029001004,7
210670029001007,3
210670029002000,6
210670029002002,71
210670029002004,165
210670029002005,288
210670029002006,3
210670029002009,2
210670029002012,1
210670029002014,1
210670029002019,7
210670029002020,2
210670029003000,205
210670029003002,8
210670029003003,2
210670029003005,5
210670029003008,2
210670029003010,3
210670029003013,1
210670029003014,2
210670029003015,1
210670029003016,2
210670029003017,1
210670030001000,705
210670030001002,1
210670030001010,17
210670030001011,798
210670030002001,6
210670030002005,2
210670030002006,4
210670030002011,1128
210670030002012,1052
210670030003000,205
210670030003003,2
210670030004001,343
210670030004004,2
210670030004006,11
210670030004007,1
210670030004009,6
210670030004013,1
210670030005001,36
210670030005002,34
210670030005004,11
210670030005009,2
210670030005017,1
210670030005019,3
210670030005022,568
210670030005025,4
210670030005026,2
210670030005028,5
210670030005029,2
210670031011000,8
210670031011001,2
210670031011002,1
210670031011003,6
210670031011008,13
210670031011009,2
210670031011011,47
210670031012000,2
210670031012001,10
210670031012005,3
210670031012009,96
210670031012012,16
210670031012019,43
210670031021005,10
210670031021007,1
210670031021010,1
210670031021011,7
210670031021012,71
210670031021018,3
210670031022010,18
210670031022011,2
210670031022013,2
210670031022015,2
210670031022026,34
210670031022027,64
210670031022029,65
210670031022034,12
210670031022039,11
210670031022041,2
210670032011002,6
210670032011006,2
210670032011009,7
210670032011010,1
210670032012000,1
210670032012001,5
210670032012002,22
210670032012008,169
210670032012009,28
210670032021004,53
210670032021007,1
210670032021009,1
210670032021010,1
210670032021012,11
210670032021019,17
210670032022005,3
210670032022006,8
210670032022007,13
210670032022008,3
210670032022009,4
210670032023002,57
210670032023004,427
210670032024000,34
210670032024001,25
210670032024004,8
210670032024005,2
210670032024006,9
210670032024010,721
210670032024014,10
210670032024016,15
210670032024020,5
210670032024021,17
210670032024022,1
210670032024023,18
210670033001000,4
210670033001001,40
210670033001002,4
210670033001006,1
210670033001010,1
210670033001014,199
210670033002002,25
210670033002005,4
210670033002009,284
210670033002012,244
210670033002017,5
210670033002018,1
210670033002021,356
210670033002022,19
210670033002024,229
210670034021002,574
210670034021004,5
210670034021008,7
210670034021009,257
210670034021010,14
210670034021011,2
210670034021012,3
210670034021014,1
210670034021016,1589
210670034021017,2
210670034021021,2
210670034021024,57
210670034022001,221
210670034022002,84
210670034022003,138
210670034023002,41
210670034023005,1
210670034023008,11
210670034023010,14
210670034041000,126
210670034041001,2
210670034041005,2
210670034041008,2
210670034042006,3
210670034042008,1
210670034042010,7
210670034042011,5
210670034042013,1
210670034042014,7
210670034042018,24
210670034043000,11
210670034051001,562
210670034051002,138
210670034051003,442
210670034051004,6
210670034051007,2
210670034051009,2
210670034051010,3
210670034051013,6
210670034051017,1
210670034051019,4
210670034052001,198
210670034052004,7
210670034052006,9
210670034052008,3
210670034052009,14
210670034052013,12
210670034053000,134
210670034053002,1
210670034053004,2
210670034061005,10
210670034061006,3
210670034061010,3
210670034061015,64
210670034061016,3
210670034061017,16
210670034061019,4
210670034062000,33
210670034062004,4
210670034062010,3
210670034062011,120
210670034063000,9
210670034063007,3
210670034063009,4
210670034063012,2
210670034063017,2
210670034063018,1
210670034071003,170
210670034071004,109
210670034071009,209
210670034071011,5
210670034071015,3
210670034071018,1
210670034072001,5
210670034072003,3
210670034072006,69
210670034072013,3
210670034072016,1
210670034072019,4
210670034072025,23
210670034072026,1
210670034072027,1
210670035011000,163
210670035011003,8
210670035011005,702
210670035011006,236
210670035011019,9
210670035012000,23
210670035012001,1
210670035012003,32
210670035012005,1
210670035031002,29
210670035032003,4
210670035032006,83
210670035041000,158
210670035041001,2
210670035041002,1
210670035042002,116
210670035042003,100
210670035042006,1
210670035042007,294
210670035042009,29
210670035042013,30
210670035042014,49
210670036001001,2251
210670036001002,3
210670036001006,31
210670036001007,184
210670036001008,7
210670036001010,2
210670036001011,44
210670036001012,26
210670036001013,4363
210670036001015,3
210670036002002,2
210670036002003,1
210670036002007,1
210670036002009,2
210670036002010,22
210670036002013,4
210670036002014,2
210670036002016,1
210670036002017,2
210670036002018,17
210670036002019,8
210670036002021,1
210670036003002,1
210670036003005,4
210670036003006,12
210670036003007,4
210670036003011,3
210670036003012,1
210670036003013,20
210670036003015,8
210670036003016,5
210670036003017,1
210670036003018,3
210670036003020,3
210670036003022,55
210670036003023,1
210670036003026,3
210670037011001,34
210670037011002,15
210670037011003,23
210670037011004,19
210670037011005,4
210670037011008,47
210670037011010,7
210670037011020,18
210670037011023,9
210670037011025,4
210670037011026,6
210670037011028,7
210670037011030,9
210670037011031,13
210670037011033,75
210670037011037,114
210670037011039,845
210670037011041,5
210670037012001,3
210670037012006,7
210670037012007,105
210670037012018,8
210670037012019,19
210670037012023,25
210670037012024,21
210670037012025,2
210670037012026,14
210670037012027,3
210670037012028,1
210670037012034,305
210670037012037,7
210670037021001,7
210670037021005,15
210670037021006,4
210670037021010,1
210670037021011,6
210670037021014,3
210670037021017,11
210670037021022,5
210670037021023,2
210670037022000,29
210670037022003,2
210670037022005,875
210670037022006,1
210670037022009,2295
210670037022010,213
210670037022012,15
210670037022013,7
210670037022020,1030
210670037022021,32
210670037022022,150
210670037022024,37
210670037022026,205
210670037022028,156
210670037022029,6
210670037022030,82
210670037022031,17
210670037022033,66
210670037022034,40
210670037022038,266
210670037031000,30
210670037031007,3
210670037031008,1
210670037031009,8
210670037031011,2
210670037031014,2
210670037031015,7
210670037031017,5
210670037031019,1
210670037031020,1
210670037031023,1
210670037032000,2
210670037032001,25
210670037032002,1
210670037032008,4
210670037032010,1
210670037032012,11
210670037032014,8
210670037032015,1
210670037032017,671
210670037032018,635
210670037032020,662
210670037032022,470
210670037032023,115
210670037041000,14
210670037041002,20
210670037041004,1
210670037041010,6
210670037041011,1
210670037042001,31
210670037042003,3
210670037042005,2
210670037042006,2
210670037042010,3
210670037042011,1
210670037042015,11
210670037042016,2304
210670037042017,7
210670037042019,2
210670037042020,170
210670037042022,18
210670037042024,1613
210670037042025,20
210670037042026,623
210670037042028,139
210670037042029,28
210670037042030,273
210670037042031,149
210670037042033,2
210670037042035,866
210670037042038,4
210670037042039,3600
210670037043000,4
210670038021001,2
210670038021002,13
210670038021005,63
210670038021010,17
210670038021011,2
210670038021012,9
210670038021014,1
210670038021017,3
210670038021022,41
210670038021023,66
210670038021029,19
210670038021032,37
210670038021033,8
210670038021034,4
210670038022000,4
210670038022001,1
210670038022002,13
210670038022007,117
210670038022009,26
210670038022010,215
210670038022012,25
210670038022013,45
210670038022014,102
210670038022022,6
210670038022023,61
210670038022030,7
210670038023000,94
210670038023001,268
210670038023004,161
210670038023007,154
210670038023013,318
210670038023021,59
210670038023022,198
210670038031003,234
210670038031004,1
210670038031007,13
210670038031010,150
210670038031012,478
210670038031024,170
210670038031026,134
210670038031028,172
210670038031034,4
210670038032000,952
210670038032009,12
210670038032013,93
210670038032019,301
210670038032022,1026
210670038032025,608
210670038032029,68
210670038032032,1
210670038033001,73
210670038033002,308
210670038033004,2
210670038033008,491
210670038041001,49
210670038041004,2
210670038042001,2
210670038042002,5
210670038042003,29
210670038043000,180
210670038043009,119
210670038043010,2
210670038043016,177
210670038043017,1277
210670038043022,10
210670038043024,18
210670039061006,6
210670039061008,101
210670039061009,458
210670039061011,114
210670039061012,116
210670039061013,29
210670039061014,267
210670039061015,56
210670039061016,184
210670039061017,249
210670039061018,7
210670039061020,94
210670039061021,7
210670039061024,37
210670039061026,22
210670039061028,3
210670039061029,2
210670039061031,8
210670039061035,1
210670039062003,4
210670039062004,1
210670039062005,6
210670039062006,12
210670039062007,14
210670039062009,2
210670039062011,20
210670039062014,6
210670039062015,2
210670039062016,1
210670039062017,2
210670039062018,3
210670039081001,170
210670039081002,189
210670039081004,1168
210670039081010,7
210670039081013,7
210670039081014,2
210670039081018,2
210670039081020,13
210670039081021,43
210670039081022,34
210670039082001,2
210670039082003,7
210670039082005,2358
210670039082009,543
210670039082018,292
210670039082019,111
210670039082020,163
210670039082022,179
210670039082024,348
210670039082025,1197
210670039082029,3
210670039082030,3
210670039082031,1
210670039082032,23
210670039082034,4
210670039082036,3
210670039082037,3
210670039082038,3
210670039082039,444
210670039082043,8
210670039082045,14
210670039082046,1
210670039082047,13
210670039082048,1
210670039082050,16
210670039082054,1
210670039082059,2
210670039082062,1
210670039082064,2
210670039082065,2
210670039082066,345
210670039082072,84
210670039082073,324
210670039082076,2
210670039082079,1
210670039082084,5
210670039083000,14
210670039083005,271
210670039091002,347
210670039091005,805
210670039091006,230
210670039091007,8
210670039091008,386
210670039091009,165
210670039091010,141
210670039091011,173
210670039091015,27
210670039091018,7
210670039091022,45
210670039091023,653
210670039092001,42
210670039092002,5
210670039092003,1133
210670039092004,3
210670039092006,3
210670039092008,34
210670039092011,354
210670039092014,120
210670039092017,2
210670039092018,5
210670039101000,421
210670039101001,775
210670039101003,18
210670039111000,998
210670039111004,2
210670039112000,580
210670039112001,305
210670039112002,17
210670039112003,965
210670039113000,257
210670039113003,43
210670039113004,474
210670039121001,58
210670039121002,6
210670039121004,109
210670039121006,375
210670039121009,1
210670039121010,328
210670039121011,1042
210670039121012,887
210670039121013,21
210670039121014,674
210670039121015,113
210670039121016,1165
210670039121017,5
210670039122001,41
210670039122003,1
210670039122004,2
210670039122009,2
210670039122011,7
210670039122012,6
210670039131000,116
210670039131002,6
210670039131004,1
210670039131005,4
210670039131006,14
210670039131007,9
210670039131009,4
210670039132000,2
210670039132008,7
210670039132009,2
210670039132011,4
210670039133000,137
210670039133002,3
210670039133007,4
210670039133010,1
210670039133013,6
210670039133015,14
210670039133016,2
210670039133017,1
210670039133018,1
210670039133020,6
210670039133024,1
210670039133026,41
210670039133032,321
210670039133034,4
210670039141002,3
210670039141009,3
210670039142002,10
210670039142005,1
210670039142013,1
210670039142015,13
210670039151000,36
210670039151001,3
210670039151002,1
210670039151003,88
210670039151004,14
210670039151005,6
210670039151007,8
210670039151009,1
210670039151011,7
210670039152000,16
210670039152001,1
210670039152004,1
210670039152005,16
210670039152009,4
210670039152012,2
210670039162000,86
210670039162001,10
210670039162003,12
210670039162004,1
210670039171000,2
210670039171001,1
210670039171002,3
210670039171003,18
210670039171004,2
210670039171007,5
210670039172009,2
210670039172011,21
210670039173000,401
210670039181000,10
210670039181004,9
210670039181007,37
210670039181013,6
210670039181014,113
210670039181022,64
210670039181024,74
210670039181029,89
210670039181031,5
210670039181033,42
210670039181035,7
210670039181041,7
210670039181044,1714
210670039181046,4
210670039181048,5
210670039181051,3
210670039181054,15
210670039181056,2
210670039181057,85
210670039181058,2
210670039181060,42
210670039181062,1
210670039182005,7
210670039182006,3
210670039182008,14
210670039182011,112
210670039182012,60
210670039182013,45
210670039182014,8
210670039182016,1
210670039182019,12
210670039182020,4
210670039182024,6
210670039182035,7
210670039182042,4
210670039182044,677
210670039182051,330
210670039182052,171
210670039182057,18
210670039182060,4
210670039182064,20
210670040011000,15
210670040011002,4
210670040011008,6
210670040012000,25
210670040012003,5
210670040012005,32
210670040013000,2
210670040013001,1
210670040013003,1
210670040013005,5
210670040013007,20
210670040013008,142
210670040013012,27
210670040031001,114
210670040031003,52
210670040031004,40
210670040032001,32
210670040032002,358
210670040033000,2
210670040033001,18
210670040033002,65
210670040033003,6
210670040033004,1
210670040033005,22
210670040033007,1
210670040033008,2
210670040033009,4
210670040051000,36
210670040051002,2
210670040051003,9
210670040051006,16
210670040051007,9
210670040051008,5
210670040051011,3
210670040061000,24
210670040061002,2
210670040061004,13
210670040061005,52
210670040071000,2
210670040071003,55
210670040071004,52
210670040072002,9
210670040072004,16
210670040072006,33
210670040072012,5
210670040072014,84
210670040072017,40
210670040072018,49
210670040072023,9
210670040072026,4
210670040072035,3
210670040072038,6
210670040072043,1
210670040072052,43
210670041031000,3
210670041031002,836
210670041031004,104
210670041032001,243
210670041032002,26
210670041032003,3
210670041032004,1
210670041041000,23
210670041041002,3
210670041041003,7
210670041041005,23
210670041041006,18
210670041042000,18
210670041042002,860
210670041042008,305
210670041042012,3
210670041042015,3
210670041042017,7
210670041042019,1
210670041042020,6
210670041042022,25
210670041043001,2
210670041043002,1
210670041043006,1
210670041051001,2
210670041051002,6
210670041051004,1
210670041051007,4
210670041051008,2
210670041051009,10
210670041051010,32
210670041051011,1
210670041051012,4
210670041051015,3
210670041051016,1
210670041051017,7
210670041051018,3
210670041051019,2
210670041052001,103
210670041052002,3
210670041052004,6
210670041052005,1
210670041053003,72
210670041053004,2
210670041053007,2
210670041053008,17
210670041053013,1
210670041053015,4
210670041061000,26
210670041061002,8
210670041061003,14
210670041061005,1
210670041061009,2
210670041061010,3
210670041061011,2
210670041061014,6
210670041061016,5
210670041061018,4
210670041061019,5
210670041061020,5
210670041061023,2
210670041061024,2
210670041061025,1
210670041061031,1
210670041061033,1
210670041062000,13
210670041062001,74
210670041062003,1
210670041062004,38
210670041062007,1
210670041062008,4
210670041062009,1
210670041062011,7
210670041062012,1
210670041062014,7
210670041062018,69
210670041062019,1
210670041062021,13
210670041062023,2
210670041062025,1
210670041071001,3
210670041071003,1
210670041071004,24
210670041071007,6
210670041071010,3
210670041072000,15
210670041072001,1
210670041072003,20
210670041072004,5
210670041072005,29
210670041072006,9
210670041072008,4
210670041072010,31
210670041073002,20
210670041073004,6
210670041073005,314
210670041073015,79
210670041073016,87
210670041073017,6
210670041073018,2
210670041073019,7
210670041073020,16
210670041073021,3
210670041073022,9
210670041073027,3
210670042041001,252
210670042041002,393
210670042041003,190
210670042041004,121
210670042041005,339
210670042041006,536
210670042041011,187
210670042041013,18
210670042041020,5
210670042041021,2
210670042041023,2
210670042041024,3
210670042041025,155
210670042041026,37
210670042041031,14
210670042041032,3
210670042041034,1
210670042041035,4
210670042041036,2
210670042041042,473
210670042041043,2473
210670042041044,358
210670042041047,466
210670042041048,435
210670042041049,165
210670042041051,14
210670042041052,867
210670042042001,18
210670042042003,3
210670042042004,2
210670042042006,4
210670042042008,5
210670042042011,20
210670042042018,2
210670042043002,14
210670042043003,2
210670042043004,3
210670042043011,2
210670042043016,3
210670042043017,3
210670042051003,11
210670042051007,44
210670042051008,13
210670042051010,31
210670042051014,2
210670042051016,128
210670042051018,29
210670042051019,3
210670042051021,7
210670042051026,4
210670042052004,3
210670042052008,17
210670042052011,3
210670042052012,2
210670042052013,17
210670042052015,20
210670042052016,130
210670042052017,17
210670042053000,6
210670042053003,11
210670042053009,5
210670042053010,3
210670042053012,7
210670042053013,4
210670042053015,5
210670042053016,5
210670042053017,3
210670042053023,5
210670042071002,443
210670042071003,160
210670042071006,7
210670042071009,2
210670042071016,6
210670042071017,9
210670042071022,2
210670042071027,123
210670042071028,5
210670042071031,5
210670042071034,61
210670042071038,2
210670042071039,8
210670042071040,35
210670042071041,12
210670042071043,63
210670042071050,1
210670042071051,15
210670042071054,6
210670042072008,75
210670042072010,160
210670042072011,1
210670042072012,3
210670042072013,16
210670042072014,1
210670042072020,2
210670042072025,38
210670042072026,2
210670042072027,4
210670042072034,5
210670042081001,2
210670042081005,22
210670042081007,6
210670042081009,5
210670042081011,4
210670042081013,9
210670042081016,1
210670042081017,1
210670042081021,10
210670042081022,17
210670042081025,19
210670042081026,18
210670042081029,77
210670042081030,688
210670042081031,51
210670042081032,1
210670042081034,154
210670042082003,39
210670042082007,1
210670042082010,1750
210670042082012,2
210670042082014,3
210670042082026,328
210670042082028,70
210670042082029,54
210670042082031,456
210670042082032,16
210670042082037,4
210670042082042,557
210670042082043,77
210670042082045,2
210670042082048,2
210670042082052,37
210670042082053,16
210670042082055,2
210670042082057,13
210670042082058,203
210670042082059,2
210670042082066,112
210670042082069,15
210670042091002,8
210670042091003,4
210670042091006,20
210670042091009,5
210670042091013,2
210670042091014,131
210670042091015,1
210670042092004,2
210670042092005,2
210670042092006,4
210670042092009,5
210670042092010,2
210670042092012,2
210670042092015,2
210670042101003,33
210670042101006,2
210670042101007,4
210670042101009,21
210670042101010,4
210670042101017,5
210670042101024,10
210670042102000,1
210670042102001,626
210670042102004,11
210670042102009,5
210670042102010,3
210670042102018,4
210670042102030,1
210670042102033,6